Multifunctional Nanomaterials Laboratory,에너지환경화학융합기술전공,Nicola Pinna,302동 1015호,http://www.pinna.info/nano/
Nanostructures Laboratory,에너지환경화학융합기술전공,Goran Ungar,302동 1016호,http://www.shef.ac.uk/materials/staff/ungar.html
Project : Architecture,건축학과,존홍,39-509,https://projectarchitecture.com/
Proteomics & Biomarker Laboratory,,김영수,의과대학 의과학관 301호,http://biolab.snu.ac.kr
RS(원격탐사)연구실,건설환경공학부,김용일,35-318,http://spins.snu.ac.kr/
TAALab ,건축학과,조항만,39-509,
가상머신 및 최적화 연구실,전기·정보공학부,문수묵,"301동 819호,  851호",http://altair.snu.ac.kr
강구조내진설계연구실,건축학과,이철호,39-420,https://snu-archisteel.com/
건설기술연구실,건축학과,"박문서,안창범",39-425,https://cem.snu.ac.kr
건설혁신연구실,건설환경공학부,지석호,35-304,http://cm.snu.ac.kr
건축공간연구실,건축학과,강예린,39-509,
건축구조시스템연구실,건축학과,박홍근,39-421,http://bssl.snu.ac.kr/
건축도시공간연구실,건축학과,강범준,39-514,https://laus.snu.ac.kr/
건축도시이론연구실,건축학과,백진,39-513,https://blog.naver.com/snuatplab
건축문화연구실,건축학과,최춘웅,39-509,
건축사연구실,건축학과,전봉희,39-525,http://archis.snu.ac.kr/
건축에너지연구실,건축학과,박철수,39-418,http://bs.snu.ac.kr/
건축환경계획연구실,건축학과,여명석,39-418,http://aeprl.snu.ac.kr/
경영과학/최적화 연구실,산업공학과,홍성필,39동 411호,http://polytope.snu.ac.kr
경제성 분석 연구실,산업공학과,이덕주,39동 315호,http://www.leesa.snu.ac.kr
고도산화환원 환경공학 연구실,화학생물공학부,이창하,302동 612-1호,http://artlab.snu.ac.kr
고분자 화학 연구실,화학생물공학부,이종찬,302동714호,http://pcl.snu.ac.kr
고성능 컴퓨터 시스템 연구실,전기·정보공학부,김장우,301동 1114호,http://hpcs.snu.ac.kr
고성능구조공학연구실,건축학과,강현구,39-439,http://hpse.snu.ac.kr/
고에너지응용 연구실,항공우주공학과,여재익,302동 213호,http://ecl.snu.ac.kr
고온 열화학 연구실,재료공학부,정인호,30-205,http://in-ho-group.snu.ac.kr
공간사회연구실,건축학과,서현,39-526,http://saltworkshop.net
공간정보 연구실,지구환경시스템공학부,김용일,"35-318, 208, 209",http://spins.snu.ac.kr
공급망관리 연구실,산업공학과,문일경,39동 312호,http://scm.snu.ac.kr
공력 소음 연구실,항공우주공학과,이수갑,"44동 205호, 311동 105호",http://aancl.snu.ac.kr
공력 시뮬레이션 & 디자인 연구실,항공우주공학과,김종암,"301동 1256호, 40동 106호",http://mana.snu.ac.kr
광·나노 전자소자 연구실,전기·정보공학부,곽정훈,"104-1동 509호, 301동 1051-3호",http://aone.snu.ac.kr
광공학 및 양자전자연구실,전기·정보공학부,이병호,"301동 816호, 301동 1118호",http://oeqelab.snu.ac.kr
광구조 및 광재료 연구실,재료공학부,이명재,"131-201,411",http://osml.snu.ac.kr/
광자 시스템 연구실,전기·정보공학부,박남규,301동 913호,http://stargate.snu.ac.kr
광전기화학 에너지 연구실,화학생물공학부,성영은,302동 1007호,http://peel.snu.ac.kr
교통계획·물류연구실,건설환경공학부,김동규,35-424,http://trlab.kr
교통공학연구실,건설환경공학부,이청원,35-422,http://trlab.kr
구조설계연구실,건설환경공학부,김호경,35-404,http://bridge.snu.ac.kr/
구조신뢰성연구실,건설환경공학부,송준호,"35-206, 207, 218",http://systemreliability.wordpress.com
구조재료실험실,건축학과,홍성걸,39-417,http://seml.snu.ac.kr/
구조해석연구실,건설환경공학부,이해성,,http://strana.snu.ac.kr
그래픽스 및 미디어 연구실,전기·정보공학부,고형석,133동 209호,http://graphics.snu.ac.kr
극초음속 및 희박기체 유동 연구실,항공우주공학과,김규홍,"40동 102호,105호",http://hypersonic.snu.ac.kr
극한환경 및 충돌 연구실,항공우주공학과,김윤호,302동 629호,https://sites.google.com/view/eilab
금융리스크공학 연구실,산업공학과,장우진,39동 319호,http://www.snufre.org
기계지능 및 데이터사이언스 연구실,전기·정보공학부,문태섭,301동 752-3호,http://mindlab-snu.github.io
기술 인텔리전스 연구실,산업공학과,이성주,39동 310호,http://tma.snu.ac.kr
기술경영 연구실,협동과정기술경영경제정책전공,강진아,37동321호,http://jinakang.snu.ac.kr/
기술경영 연구실,공학전문대학원,강진아,37동321호,http://jinakang.snu.ac.kr
기술경제,협동과정기술경영경제정책전공,이정동,37동323호,http://temep.snu.ac.kr
기술경제 및 혁신전략 연구실,공학전문대학원,이정동,37-323,http://temep.snu.ac.kr
기술사업화 에너지정책,협동과정기술경영경제정책전공,김연배,37동318호,http://temep.snu.ac.kr
기술시장이론,협동과정기술경영경제정책전공,이종수,37동319호,http://temep.snu.ac.kr
기후변화적응 수자원 연구실,건설환경공학부,김영오,"35-204,205",http://ccawr.snu.ac.kr
나노 & 스마트 복합재료 연구실,재료공학부,유웅열,31-311,http://nscm.snu.ac.kr
나노 / 마이크로 시스템 연구실,기계공학부,이정훈,"302동 411호, 104-1동 104호",http://nmsl.snu.ac.kr
나노 에너지 전달 공학 연구실,기계항공공학부,김태용,,
나노 재료 연구실,에너지환경화학융합기술전공,현택환,302동 512호,http://nanomat.snu.ac.kr/
나노 재료 연구실,화학생물공학부,현택환,302동512호,http://nanomat.snu.ac.kr/
나노/마이크로 시스템 및 제어 실험실,전기·정보공학부,조동일,"301동 715호, 133동 409, 133동 410호",http://nml.snu.ac.kr
나노계면소재공정 연구실,화학생물공학부,김연상,302동 1016호 ,https://snunml.com
나노구조 나노소자 연구실,재료공학부,장호원,31-310,http://sites.google.com/view/onnl
나노구조형 에코·에너지재료 연구실,재료공학부,곽승엽,30-513,http://hosting03.snu.ac.kr/~eco/
나노바이오재료연구실,재료공학부,안철희,31-413,http://nbml.snu.ac.kr/
나노스피닉스연구실,재료공학부,김상국,30-516,https://www.sdsw.snu.ac.kr
나노융합재료연구실,재료공학부,이관형,33-319,http://gwangroup.snu.ac.kr
나노재료이론 및 컴퓨터시뮬레이션 연구실,화학생물공학부,이원보,302동 712호,http://tcsm.snu.ac.kr/
나노전자·에너지재료 연구실,재료공학부,박민혁,"30-317,318,319",https://sites.google.com/view/neemlab/home
"난류, 유동제어 및 CFD/생체모방공학 실험실
난류, 유동제어 및 CFD/생체모방공학 실험실", ,"최해천
",301동 1413호,http://tfc.snu.ac.kr/
"난류, 유동제어 및 CFD/생체모방공학 연구실",기계공학부,최해천,301동 1413호,http://tfc.snu.ac.kr
내항조종연구실,조선해양공학과,남보우,34동 313호,
냉동시스템 및 컨트롤 연구실 / 연료전지시스템 연구실,기계공학부,김민수,301동 218호,http://reflab.snu.ac.kr/
네트워크 연구실,전기·정보공학부,박세웅,"132동 304호, 302동 510-1호",http://netlab.snu.ac.kr
네트워크 컴퓨팅 연구실,전기·정보공학부,이경한,301동 604호,https://sites.google.com/view/kyunghanlee
뉴로모픽 재료 및 소자 연구실,재료공학부,김상범,31-312,http://neuromorphic.snu.ac.kr
다기능성 소프트 재료 연구실,재료공학부,선정윤,30-315,http://mfsm.snu.ac.kr/
다변환 구조재료 연구실,재료공학부,최인석,"30-524, 525, 526, 317-1",http://www.mvsmlab.com
다상유동 및 유동가시화 연구실,기계공학부,박형민,313-222,http://mffv.snu.ac.kr/
다차원 재료화학 연구실,화학생물공학부,박정원,311동(ICP) 317호,http://parklab.snu.ac.kr
단백질신소재연구실,화학생물공학부,백승렬,302동 218호,http://apml.snu.ac.kr/
대규모 회로 및 시스템 연구실,전기·정보공학부,김재준,301동 852-1호,http://vlsi.snu.ac.kr
데이타마이닝 및 데이터베이스 연구실,전기·정보공학부,심규석,302동 516-2호,http://kdd.snu.ac.kr
데이터 기반 의사결정 연구실,공학전문대학원,이정혜,37-306-1,https://sites.google.com/view/d3mlab
데이터 마이닝 연구실,컴퓨터공학부,강유,"301동 515호, 518호, 551-1호, 551-3호",http://datalab.snu.ac.kr
데이터베이스 시스템 연구실,컴퓨터공학부,문봉기,"301동 418호, 452-2호",http://dbs.snu.ac.kr
데이터사이언스/인공지능 연구실,전기·정보공학부,윤성로,301동 953-2호,http://ailab.snu.ac.kr
도시건축보존계획연구실,건축학과,박소현,39-527,http://ufc.snu.ac.kr
도시계획연구실,건설환경공학부,정창무,35동 426호,http://urbanplanning.snu.ac.kr
도시설계연구실,건설환경공학부,권영상,35-425,https://blog.naver.com/akimage
도시설계학전공 스튜디오,협동과정도시설계학전공,이유미,39동 517호,https://ipud.snu.ac.kr
도시설계학전공 연구실,협동과정도시설계학전공,이유미,39동 518호,https://ipud.snu.ac.kr
동력공학 연구실,기계공학부,민경덕,"314동 205호, 206호",http://snual.snu.ac.kr
딥러닝연구실,조선해양공학과,김태완,"34동 303,304호",http://dllab.snu.ac.kr
레이저 연구실,전기·정보공학부,정윤찬,"301동 717호, 718호",http://laser.snu.ac.kr
로봇 인식 및 공간 지능 연구실,기계공학부,김아영,301동 1253호,https://rpm.snu.ac.kr
로봇자동화 연구실,기계공학부,박종우,302동 413호,https://sites.google.com/robotics.snu.ac.kr/fcp/
로봇학습연구실,전기·정보공학부,오성회,"133동 610호, 301동 718호, 301동 814호 ",http://rllab.snu.ac.kr/
로켓추진 연구실,항공우주공학과,윤영빈,301동 1312-2호,http://rpl.snu.ac.kr
마이크로머신 연구실,공학전문대학원,김용권,301동 1116호,http://misa.snu.ac.kr/
마이크로머신 연구실,전기·정보공학부,김용권,301동 1116호,http://misa.snu.ac.kr/
마이크로유체 및 소프트물질 연구실,기계공학부,김호영,,http://fluids.snu.ac.kr
머신러닝 연구실,Department of Computer Science and Engineering,송현오,302동 319호,http://mllab.snu.ac.kr
머신인텔리전스연구실,전기·정보공학부,정교민,301동 1115호,http://milab.snu.ac.kr
멀티미디어 무선통신망 연구실,전기·정보공학부,최성현,"302동 510-1호, 132동 403호",http://mwnl.snu.ac.kr/
멀티스케일 구조재료,건설환경공학부,문주혁,35동 506호,https://sites.google.com/view/moonslab
멀티스케일 에너지 과학 연구실,화학생물공학부,최장욱,302동 515호 & 311동 413호,http://mest.snu.ac.kr
멀티스케일 의기계공학 연구실,기계공학부,전누리,302동 415-2호,http://mbel.snu.ac.kr/
멀티피직스시스템 설계 연구실,기계공학부,김윤영,"301동 1317호 , 1318호 , 313동 324-1호",http://idealab.snu.ac.kr
메카트로닉스 실험실,기계공학부,고상근,302동 412호,http://mecha1.snu.ac.kr/
몬테칼로 연구실,원자핵공학과,심형진,32동 202-1호,
무선통신 및 정보시스템 연구실,전기·정보공학부,최완,"301동1119호,132동 403호",http://wcisl.snu.ac.kr/
물환경에너지공학 연구실,화학생물공학부,윤제용,302동 513호,http://env.snu.ac.kr/
미세소자재료실험실,재료공학부,주영창,"30-503, 30-506",http://ndml.snu.ac.kr/
미세유변학 연구실,화학생물공학부,안경현,302동 618호,https://microrheology.snu.ac.kr/ 
미세유체 및 코팅공정 연구실,화학생물공학부,남재욱,302동 615호,http://fluid.snu.ac.kr
미소역학 및 재료공정설계 연구실,재료공학부,한흥남,"30-313, 314",http://mmmpdl.snu.ac.kr/
바이오 인터페이스 전자소자 연구실,재료공학부,강승균,30-523,http://bielab.snu.ac.kr
바이오로보틱스 실험실,기계공학부,조규진,312동 402호,http://biorobotics.snu.ac.kr
바이오메디칼영상과학연구실,전기·정보공학부,이종호(B),301동 1053-2호,http://list.snu.ac.kr
바이오센서 및 전자연구실,,조성인,200-2204,http://beslab.snu.ac.kr/
바이오재료 프로그래밍 연구실,재료공학부,김영은,"131-211, 405, 406",https://kimgroup-snu.wixsite.com/home
바이오지능 연구실,컴퓨터공학부,장병탁,302동 314-1호,http://bi.snu.ac.kr
반도체 공정 및 분석 연구실,화학생물공학부,김지현,302동 1015 호,https://www.cpclsnu.com
반도체 소자 연구실,전기·정보공학부,신형철,301동 1001호,http://snudrl.snu.ac.kr
반도체 재료 및 소자연구실,전기·정보공학부,이종호(S),301동 1016호,http://smdl.snu.ac.kr/
반응성 유동 실험실,기계공학부,도형록,301동 1218호,http://rfl.snu.ac.kr/
방사선 공학 연구실,원자핵공학과,김기현,31동 113호,http://snuns.snu.ac.kr
방사선기기공학연구실,원자핵공학과,정경재,31동 108호,
방사선생명공학연구실,원자핵공학과,김은희,31동 414호,http://radbio.snu.ac.kr
보안 최적화 연구실,전기·정보공학부,백윤흥,302동 516-1호,http://sor.snu.ac.kr/
복합기능재료연구실,재료공학부,박찬,30-208,http://afml.snu.ac.kr/
부호 및 암호 연구실,전기·정보공학부,노종선,301동 652-1호,http://ccl.snu.ac.kr
분산시스템 연구실,컴퓨터공학부,엄현상,302동 319호,http://dcslab.snu.ac.kr
분산시스템 연구실,컴퓨터공학부,염헌영,302동 319호,http://dcslab.snu.ac.kr
분자집적물리 및 소자 연구실,전기·정보공학부,이신두,301동 1051-2호,http://mipd.snu.ac.kr
불균일촉매 설계 연구실,화학생물공학부,강종헌,302동 715호 ,https://jonghunkanglab.wordpress.com/
비주얼 컴퓨팅 연구실,컴퓨터공학부,주한별,302동 310-1호,https://jhugestar.github.io/
비행역학 및 제어 연구실,항공우주공학과,김유단,302동 318-2호,http://fdcl.snu.ac.kr/
빅데이터 AI 연구실,산업공학과,조성준,39동 339호,http://bdai.snu.ac.kr
빅데이터 분석 연구실,컴퓨터공학부,김형주,301동 453호,http://idb.snu.ac.kr
삶향상기술 연구실,산업공학과,박우진,39동 313호,http://let.snu.ac.kr
삼차원 집적 및 소자 연구실,전기·정보공학부,최우영,301동 1014호,https://sites.google.com/view/snutidl
상변화 제어 신소재 연구실 ,재료공학부,박은수,30-218-1,http://espark.snu.ac.kr/
생물분자공학 연구실,화학생물공학부,한지숙,302-717,http://biomolecule.snu.ac.kr
생물소재 및 식품생물공학 연구실,,서진호,200동 생명관 8104호,http://drseo.snu.ac.kr/
생물정보 및 생명정보 연구실,컴퓨터공학부,김선,"301동 551-3, 554-2, 554-3호",http://biohealth.snu.ac.kr
생산공학연구실,조선해양공학과,우종훈,"34동 311,312호",
생체 시스템 공학 연구실,기계공학부,신용대,"301동 1206호, 313동 206호, 302동 412-A호",http://shinlab.snu.ac.kr
생체 제어 및 모델링,,김성완,의과대학 연건 캠퍼스 분관동 110호,http://bmc.snu.ac.kr
생체광학 및 나노공학 연구실,전기·정보공학부,권성훈,81동 229호,http://binel.snu.ac.kr
생체모방 재료 및 줄기세포 공학 연구실,화학생물공학부,황석연,302동 614호,http://bmsce.snu.ac.kr
생체모방골형성 연구실,,황순정,생체연구동 601호,http://plaza.snu.ac.kr/~sjhwang/
생체분자나노재료연구실,재료공학부,남기태,31-317,http://www.nkitae.org/
생체신호정보 연구실,협동과정바이오엔지니어링전공,박광석,서울대학교병원,http://bmsildb.snu.ac.kr
생체재료 및 면역공학 연구실,재료공학부,도준상,"131-313,314,317",http://bmie.snu.ac.kr/
생체재료공정연구실,,최영빈,서울대학교 의과대학 연구동 716호,http://bpal.snu.ac.kr
석유공학연구실,에너지자원공학과,"최종근, 정훈영","38동 325호, 326호",http://petro.snu.ac.kr
선박소음진동연구실,조선해양공학과,홍석윤,"34동 309,310호",http://snovil.snu.ac.kr/
선박저항성능연구실,조선해양공학과,이신형,42동 106호,http://snutt.snu.ac.kr/
소자공정 연구실,화학생물공학부,김재정,302동 907호,http://mipro.snu.ac.kr/
소프트 로봇 및 바이오닉스 연구실,기계공학부,박용래,312동 503호,http://softrobotics.snu.ac.kr
소프트웨어 원리 연구실,컴퓨터공학부,허충길,302동312-2호,http://sf.snu.ac.kr
소프트웨어 플랫폼 연구실,컴퓨터공학부,전병곤,302동 420호,http://spl.snu.ac.kr
수요예측연구실,공학전문대학원,이종수,37-319,http://temep.snu.ac.kr
수중음향연구실,조선해양공학과,성우제,34동 305호,http://uwal.snu.ac.kr/
수질환경연구실,건설환경공학부,최용주,35동 307호,http://wqe.snu.ac.kr
"스마트 기술, 정보, 문화와 지식 연구소 (i-STICK)",공학전문대학원,황준석,37동 320호,http://istick.snu.ac.kr
시각 및 학습 연구실,컴퓨터공학부,김건희,302동 319호,http://vision.snu.ac.kr
시뮬레이션 주도 구조설계 연구실,기계공학부,김도년,314동 304호,http://ssdl.snu.ac.kr/
시스템 건전성 및 리스크 관리 연구실,기계공학부,윤병동,301동 215호,http://shrm.snu.ac.kr/
시스템 및 합성생물학 연구실,화학생물공학부,서상우,302동 716호,https://seolab.snu.ac.kr
시스템 보안 연구실,전기·정보공학부,이병영,"301동 615호, 301동 653-1 호",http://compsec.snu.ac.kr
시스템 소프트웨어 및 구조 연구실,컴퓨터공학부,김진수,301동 517호,http://csl.snu.ac.kr
시스템 엔지니어링 연구실,공학전문대학원,서은석,38-406,https://sel.snu.ac.kr/
시스템설계연구실,조선해양공학과,노명일,34동 306호,http://sydlab.snu.ac.kr
시스템최적화 연구실,산업공학과,이경식,39동 317호,http://optimize.snu.ac.kr
신기술혁신 사업화,공학전문대학원,김연배,37-318,http://temep.snu.ac.kr
신소재공정연구실,재료공학부,홍성현,30-321-1,http://shhong.snu.ac.kr/
신호처리 시스템 연구실,전기·정보공학부,성원용,301동 852-3,https://sites.google.com/site/spslab2018/
실시간 관찰 전자현미경 연구실,재료공학부,김영운,31-411,http://tem.snu.ac.kr
실시간 유비쿼터스 시스템 연구실,컴퓨터공학부,이창건,301동 415호,http://rubis.snu.ac.kr/
실시간운영체제연구실 ,전기·정보공학부,홍성수,944동 8층 산학연구실,http://redwood.snu.ac.kr/
아날로그 및 혼성신호 집적회로 설계 연구실,전기·정보공학부,김수환,104-1동 306-2호,http://analog.snu.ac.kr
아키텍처 및 코드 최적화 연구실,컴퓨터공학부,이재욱,301동 554-1호,https://snu-arc.github.io/
암반공학연구실,에너지자원공학과,"전석원, 송재준, 민기복",38동 324호,http://rockeng.snu.ac.kr
암호 및 프라이버시 연구실,컴퓨터공학부,송용수,301동 451-1호,https://yongsoosong.github.io
양자정보 및 양자컴퓨팅 연구실,컴퓨터공학부,김태현,"301동 416호, 133동 M07, 108, 109",https://quiqcl.snu.ac.kr/
어드밴스드 에너지 시스템 연구실,기계공학부,송한호,301동 214호,https://aesl.co.kr/
언어 및 데이터지능 연구실,컴퓨터공학부,황승원,,https://seungwonh.github.io/ldi.html
에너지 디바이스 및 나노공학 연구실,기계공학부,이윤석,301동 1254호,http://energy.snu.ac.kr
에너지 및 환경유동 연구실,기계공학부,황원태,301동 1215호,http://eeflow.snu.ac.kr/
에너지 및 환경촉매 연구실,화학생물공학부,김도희,302동 806호 & 311동 511호,http://eecat.snu.ac.kr
에너지 신소재 연구실,재료공학부,강기석,31-403,http://energylab.snu.ac.kr/
에너지 재료 연구실,화학생물공학부,정인,302동 710호,http://inchung.snu.ac.kr/
에너지 환경 융합 연구실,전기·정보공학부,김성재,301동 914호,http://ees.snu.ac.kr/
에너지GIS연구실,에너지자원공학과,박형동,38동 320호,http://geo.snu.ac.kr
에너지공정공학 연구실,화학생물공학부,이종민,302동 713호,http://epel.snu.ac.kr
에너지나노재료연구실,재료공학부,박병우,131-413,http://bp.snu.ac.kr/
에너지시스템연구실,조선해양공학과,서유택,"34동 314,315호",https://www.snusefa.org/
연성소재 나노물리 연구실,화학생물공학부,김소연,302동 712호 ,https://soyounkim.snu.ac.kr
열린구조연구실,조선해양공학과,장범선,41동 201호,http://openlab.snu.ac.kr
열수력계통연구실,원자핵공학과,조형규,31동 207호,http://nuthel.snu.ac.kr
운동 연구실,컴퓨터공학부,이제희,302동 312-1호,http://mrl.snu.ac.kr
운영관리 연구실,산업공학과,박건수,39동 412호,https://sites.google.com/site/kunsoosite/
원자 및 전자구조 연구실,재료공학부,김미영,30-517,http://emsl.snu.ac.kr/
원자력시스템 및 응용연구실,원자핵공학과,김응수,31-209,
원자로물리 연구실,원자핵공학과,주한규,32동 103호,http://neutron.snu.ac.kr
위성항법 연구실,항공우주공학과,기창돈,"302동 418-2호, 312동 501호",http://gnss.snu.ac.kr
유기 고분자 전자 연구실,화학생물공학부,오준학,302동 217호,http://ohgroup.snu.ac.kr
유기광기능재료연구실,재료공학부,김재필,"30-402, 403",https://sites.google.com/view/colorist
유기재료 설계 및 합성 연구실,재료공학부,권민상,131-312,http://kwonlab.snu.ac.kr/
유기차세대반도체 연구실,재료공학부,강기훈,"131-412, 414",https://keehoonkang.wixsite.com/onelab
유기합성 분자공학 연구실,화학생물공학부,유동원,302동 906호,http://yoolab.snu.ac.kr
"유연 나노, 신경모사, 에너지 전자소자 연구실",재료공학부,이태우,30-411,http://pnel.snu.ac.kr
유전박막실험실,재료공학부,황철성,30-215,http://dtfl.snu.ac.kr/
유체물리 및 정보공학 연구실,건설환경공학부,황진환,35동 509호,https://ceslsnu.wordpress.com/
음향 및 진동 연구실,기계공학부,강연준,"301동 221호, 314동 102호",http://acustica.snu.ac.kr/
응용구조동역학연구실,건설환경공학부,채윤병,35-302,
응용나노 및 열공학 연구실,기계공학부,고승환,"302동 411-1호(Office), 414-2호(실험실)",http://ants.snu.ac.kr
의료정보 연구실,협동과정바이오엔지니어링전공,최진욱,서울대학교병원,http://medinfo.snu.ac.kr/
의용전자연구실,협동과정바이오엔지니어링전공,김희찬,서울대학교병원,http://melab.snu.ac.kr/
이동 컴퓨팅 및 통신 연구실,컴퓨터공학부,전화숙,302동 313-1호,http://mccl.snu.ac.kr
이동통신연구실,전기·정보공학부,이광복,132동 313호,http://mobile.snu.ac.kr/
인간 중심 컴퓨터 시스템 연구실,컴퓨터공학부,이영기,301-412,https://hcs.snu.ac.kr/
인공심장 연구실,협동과정바이오엔지니어링전공,민병구,서울대학교병원,http://myriad.snu.ac.kr/
인지지능연구실,전기·정보공학부,최진영,133동 411호,http://pil.snu.ac.kr
인터넷 융합 및 보안 연구실,컴퓨터공학부,권태경,"301동 551-1, 551-2, 554-1호",http://mmlab.snu.ac.kr
인터랙티브/네트워크 로보틱스 연구실(INRoL),기계공학부,이동준,"301동 211/1217호, 313동 202/203/204호",http://inrol.snu.ac.kr
임베디드시스템 연구실,컴퓨터공학부,김지홍,302동 315-2호,http://cares.snu.ac.kr
자율로봇연구실,항공우주공학과,김현진,300동 504호,http://larr.snu.ac.kr
자율로봇지능 연구실,공학전문대학원,김성우,36-212,https://arisnu.squarespace.com
재료공정해석및설계연구실,재료공학부,이경우,33동 117호,http://mpadl.snu.ac.kr/
재료역학연구실,재료공학부,이명규,"30-521,522,523",https://sites.google.com/view/snumml/home
재료열공학연구실,재료공학부,장혜진,30-419,https://hjang.group/
재생바이오의공학연구실,화학생물공학부,김병수,302동 807호,http://scte.snu.ac.kr
재생에너지변환실험실,기계공학부,차석원,301동 212호,http://snurecl.com/
전기-의학 융합 연구실,전기·정보공학부,서종모,301-719,http://efe.snu.ac.kr
전기에너지변환 연구실,전기·정보공학부,하정익,301동 617호,http://eecl.snu.ac.kr
"전기화학 에너지 변환저장 연구실", ,"오승모
",,http://eng.snu.ac.kr/~elecchem/
전기화학 에너지 시스템 연구실,화학생물공학부,이규태,302동 1006호,http://electrochem.snu.ac.kr/
전력변환시스템 연구실,전기·정보공학부,최성휘,301동 653-2호,https://pcsl.snu.ac.kr/
전력시스템 및 경제 연구실,전기·정보공학부,윤용태,"301동514, 716호",http://epnel.snu.ac.kr
전력전자 연구실,전기·정보공학부,설승기,"301동 618호, 130동 307호",http://eepel.snu.ac.kr
전산구조역학연구실,조선해양공학과,조선호,41동 206호,http://csml.snu.ac.kr/
전산열설계 연구실,공학전문대학원,김찬중,301-1414,http://catd.snu.ac.kr/
전산열설계 연구실,기계공학부,김찬중,301동 1414호,
전산유체동력학연구실,건설환경공학부,Nguyen Van Thinh,35동 515호,http://cfdlabsnu.com
전산재료연구실,재료공학부,한승우,30-417,http://mdil.snu.ac.kr/
전산핵재료 연구실,원자핵공학과,오다 타쿠지,31동 416호,
전자재료및소자연구실,재료공학부,유상임,131-208,http://emdl.snu.ac.kr/
전자파 융합 연구실,전기·정보공학부,오정석,301동 804호,http://wfl.snu.ac.kr
전파 및 무선통신연구실,전기·정보공학부,김성철,"302동 511-1호, 132동 223-B호",http://maxwell.snu.ac.kr/
전파공학연구실,전기·정보공학부,남상욱,"132동 311호, 132동 308호",http://ael.snu.ac.kr/
"정밀고분자성형연구실 ", ,"윤재륜
",,http://polymer21.snu.ac.kr:8080/main.php
정밀공학 실험실,기계공학부,주종남,"301동 1315호, 1316호",http://prema.snu.ac.kr/
정밀측정 및 박막공정 연구실,기계공학부,박희재,"301동 1314호, 1356호",http://metrol.snu.ac.kr
정밀화학 연구실,화학생물공학부,김영규,302동 708호,http://finechem.snu.ac.kr/
정보경영 연구실,산업공학과,박종헌,39동 337호,http://imlab.snu.ac.kr
정보시스템연구실,전기·정보공학부,심병효,"301동 1117호, 132동 223A호",http://islab.snu.ac.kr
정보신호처리연구실,전기·정보공학부,조남익,"302동 416-1호, 132동 416호",http://ispl.snu.ac.kr
정보통신 정책전략,협동과정기술경영경제정책전공,황준석,37동320호,http://temep.snu.ac.kr
제어 및 동역학 연구실,전기·정보공학부,심형보,133동 307호,http://post.cdsl.kr
제어 및 최적화 연구실,전기·정보공학부,양인순,133동 313호,http://coregroup.snu.ac.kr
제품-서비스공학 연구실,산업공학과,홍유석,39동 318호,http://product.snu.ac.kr
지구환경경제연구실,에너지자원공학과,허은녕,38동 327호,http://enecon.snu.ac.kr
지능구조설계 연구실,기계공학부,조맹효,301동 1415호,http://ssnd.snu.ac.kr/
지능형 계산영상 연구실,전기·정보공학부,전세영,301동 1053-1호,http://seyoungchun.wordpress.com
지능형 데이터 시스템 연구실,컴퓨터공학부,이상구,"301동 420호, 138동 418호",http://ids.snu.ac.kr
지능형 동작 연구실,컴퓨터공학부,원정담,302동 312-1호,http://imo.snu.ac.kr
지능형 디스플레이 및 센서 연구실,전기·정보공학부,이재상,301동 906호,https://sites.google.com/view/snu-idsl/home
지능형 파동 시스템 연구실,전기·정보공학부,유선규,301동 913호,https://waves.snu.ac.kr
지능형공탄성 및 헬리콥터 연구실,항공우주공학과,신상준,301동1357-2호,http://helicopter.snu.ac.kr
지능형수소에너지시스템연구실,조선해양공학과,강상규,"34동 307, 308호",http://ihes.snu.ac.kr
지능형유도조합체 연구실,화학생물공학부,차국헌,302동 616호 & 311동 513호,http://intelligent-hybrids.snu.ac.kr/
지능형자동차 연구실,전기·정보공학부,서승우,"132동 405호, 132동 312호, 302동 517-1호, 302동 510-2호",http://vi.snu.ac.kr/
지반공학연구실,건설환경공학부,김성렬,35-303,http://geolab.snu.ac.kr
지반환경공학연구실,건설환경공학부,박준범,35-411,http://geolab.snu.ac.kr
지속가능공학연구실,건설환경공학부, 박주영,35-428,
지속가능정책 연구실,공학전문대학원,구윤모,38-402,http://gsep.snu.ac.kr/sustainable
지속가능환경기술개발연구실,건설환경공학부,최정권,35-220,http://set.snu.ac.kr
지하자원개발센터,에너지자원공학과,정훈영,38-325,http://petro.snu.ac.kr
집적시스템 설계연구실,전기·정보공학부,정덕균,104-1동 310호,http://isdl.snu.ac.kr
집적시스템설계 연구실,전기·정보공학부,정덕균,104-1동 310호,http://isdl.snu.ac.kr/
집적회로 및 시스템 설계,전기·정보공학부,최우석,104-1동 311호,https://sites.google.com/view/wschoi
차량동역학 및 제어연구실,기계공학부,이경수,"301동 213호, 314동 207호",http://vdcl.snu.ac.kr
차세대 박막소자 및 회로 연구실,전기·정보공학부,이수연,301동 1018호,https://sites.google.com/view/snu-acelab/home
차세대 반도체 소자 및 재료 연구실,전기·정보공학부,이철호,301동 1152-4호,https://sites.google.com/view/leegroupinsnu
차세대 유연성 소자 및 전자 회로 연구실,전기·정보공학부,홍용택,104-1동 510호,http://axel.snu.ac.kr
차세대선박해양공정연구실,조선해양공학과,임영섭,"34동 301,302호",http://asopel.snu.ac.kr
천둥 연구실,컴퓨터공학부,이재진,301동 515호,http://aces.snu.ac.kr
첨단 생산 기술 및 스마트 소재 연구실,기계공학부,이호원,301동 209호,http://3dprinting.snu.ac.kr
초전도 응용 연구실,전기·정보공학부,한승용,"301동 653-2호, 613호",http://asl.snu.ac.kr
최적화 및 금융공학 연구실,컴퓨터공학부,문병로,302동 313-2호,http://soar.snu.ac.kr
친환경 에너지 및 나노열 연구실,기계공학부,박상욱,301동 1508호,https://www.hydrogen.snu.ac.kr
컴퓨터 구조 및 시스템 연구실,전기·정보공학부,심재웅,301동 1007호,http://comparch.snu.ac.kr
컴퓨터 그래픽스 및 이미지 처리 연구실,컴퓨터공학부,신영길,302동 320호,http://cglab.snu.ac.kr
컴퓨터 비전 연구실,전기·정보공학부,한보형,133동 508호,http://cvlab.snu.ac.kr
컴퓨터 시스템 및 플랫폼 연구실,컴퓨터공학부,에거버나드,301동 419호,https://csap.snu.ac.kr/
컴퓨터구조및 병렬처리연구실,전기·정보공학부,이혁재,104-1동 306-4호,http://capp.snu.ac.kr
컴퓨터비젼 연구실,전기·정보공학부,한보형,133동 508호,https://cv.snu.ac.kr
컴퓨터비젼 연구실,전기·정보공학부,이경무,133동 508호,http://cv.snu.ac.kr
컴퓨터이론 및 응용 연구실,컴퓨터공학부,박근수,301동 414호,http://theory.snu.ac.kr
컴퓨터이용설계 연구실,전기·정보공학부,김태환,301동 614호,http://snucad.snu.ac.kr/
컴퓨팅 메모리 구조 연구실,컴퓨터공학부,유승주,138동 313호,http://cmalab.snu.ac.kr
콘크리트구조연구실,건설환경공학부,조재열,"35-507,508",http://concrete.snu.ac.kr
탄소나노재료설계연구실,재료공학부,박종래,30-416,http://cndl.kr/
태양에너지 재료 연구실,재료공학부,김진영,31-419,http://solarmat.snu.ac.kr/
터보기계 연구실,기계공학부,송성진,"301동 1212호, 301동 1415호, 301동 1417호, 312동 106호, 313동 223호",http://tml.snu.ac.kr
토양환경연구실,건설환경공학부,남경필,,http://sql.snu.ac.kr
토질역학연구실,건설환경공학부,정충기,,http://geolab.snu.ac.kr
통계학습 및 계산금융 연구실,산업공학과,이재욱,39동 311호,http://slcf.snu.ac.kr
통신 및 머신러닝 연구실,전기·정보공학부,이정우,"302동 416-2호, 132동 401호",http://cml.snu.ac.kr
통합설계 및 병렬 처리 연구실,컴퓨터공학부,하순회,301동 455-1호,http://iris.snu.ac.kr
트랜스포머티브 아키텍쳐 연구실,기계공학부,양진규,,https://sites.google.com/view/star-laboratory/
페기물실험실,건설환경공학부,김재영,35-519,http://waste.snu.ac.kr
페타바이트 스케일 인메모리 데이터베이스 연구실,전기·정보공학부,차상균,133동 505호,http://kdb.snu.ac.kr
프로그래밍 연구실,컴퓨터공학부,이광근,302동 312-2호,http://ropas.snu.ac.kr
플라즈마 및 양자빔공학 연구실,원자핵공학과,황용석,31동 117호,http://nuplex.snu.ac.kr
플라즈마 응용 연구실,원자핵공학과,김곤호,30동 101호,http://pal.snu.ac.kr
플렉트로닉스 연구실,화학생물공학부,김대형,311동(ICP) 201호,http://flextronics.snu.ac.kr
항공우주 구조 및 재료 연구실,항공우주공학과,윤군진,"300동 503호, 316동 306호",http://asml.snu.ac.kr
항공우주 비행체 설계 연구실,항공우주공학과,이관중,301-1213,http://avdl.snu.ac.kr
항공우주 응용역학 연구실,항공우주공학과,김지환,301동1411호,http://odyssey.snu.ac.kr
항공우주추진연구실,항공우주공학과,이복직,"301동 1313호, 301동 1355-2호",http://apl.snu.ac.kr
항법전자시스템 연구실,항공우주공학과,박찬국,133-607,http://nesl.snu.ac.kr
해안공학연구실,건설환경공학부,박용성,35-202,https://sites.google.com/view/celab-snu/
해양및쇼어구조기술연구실,조선해양공학과,김도균,"42동 103, 104호",https://sites.google.com/snu.ac.kr/ost
해양유체역학연구실,조선해양공학과,김용환,42-1동 304호,http://mhl.snu.ac.kr/
핵연료 및 원자력 안전 연구실,원자핵공학과,이유호,31-1 동,http://fuel.snu.ac.kr
핵연료주기 및 핵비확산 연구실,원자핵공학과,최성열,36동 304B호,http://newcycle.snu.ac.kr
핵융합 플라즈마 이론연구실,원자핵공학과,함택수,32동 203호,
핵융합및플라즈마응용연구실,원자핵공학과,나용수,30동 104호,http://fusma.snu.ac.kr
헬스케어 로보틱스 연구실,기계공학부,한경원,302동 412호,http://hero.snu.ac.kr
혁신설계 및 통합생산 연구실,기계공학부,안성훈,"301동 1208호, 312동 307호/308호, 313동 323호",http://fab.snu.ac.kr
혼합신호IC 및 시스템 연구실,전기·정보공학부,김재하,104-1동 405호,http://mics.snu.ac.kr
환경지구화학연구실,에너지자원공학과,정은혜,38동 322호,http://envgeochem.snu.ac.kr
환경지질공학 및 응용지구화학 연구실,지구환경시스템공학부,"전효택, 박형동","38동 329호,420호,119호,131호",http://eng.snu.ac.kr/~envilab
휴먼-컴퓨터 인터액션 연구실,컴퓨터공학부,서진욱,302동 314-2호,http://hcil.snu.ac.kr/
휴먼인터페이스 시스템 연구실,산업공학과,윤명환,39동 338호,http://his.snu.ac.kr
